{
  "accuracy_by_length": {
    "0-50": 0.8816568047337278,
    "50-100": 0.8338870431893688,
    "100-200": 0.7974683544303798,
    "200-300": 0.9629629629629629,
    "300-500": 1.0,
    "500-1000": NaN,
    ">1000": NaN
  },
  "accuracy_by_relation": {
    "0-10%": 1.0,
    "10-25%": 0.9204545454545454,
    "25-50%": 0.8122743682310469,
    "50-75%": 0.8040540540540541,
    "75-100%": 0.8387096774193549,
    "100-150%": 0.9090909090909091,
    "150-200%": 0.9333333333333333,
    ">200%": 1.0
  },
  "correlation_length_grade": 0.5906375759363257,
  "correlation_relation_grade": 0.4751063862379679,
  "anova_f": 122.33313856485398,
  "anova_p": 7.396002211239849e-63,
  "grade_statistics": {
    "count": {
      "2": 162.0,
      "3": 165.0,
      "4": 165.0,
      "5": 164.0
    },
    "mean": {
      "2": 52.29012345679013,
      "3": 65.55151515151515,
      "4": 97.58181818181818,
      "5": 130.91463414634146
    },
    "std": {
      "2": 21.413898690512216,
      "3": 26.08719105853415,
      "4": 43.8318673368479,
      "5": 59.42747319046957
    },
    "min": {
      "2": 14.0,
      "3": 20.0,
      "4": 25.0,
      "5": 44.0
    },
    "25%": {
      "2": 37.25,
      "3": 45.0,
      "4": 64.0,
      "5": 81.75
    },
    "50%": {
      "2": 50.0,
      "3": 65.0,
      "4": 98.0,
      "5": 118.5
    },
    "75%": {
      "2": 66.75,
      "3": 82.0,
      "4": 121.0,
      "5": 168.25
    },
    "max": {
      "2": 127.0,
      "3": 149.0,
      "4": 262.0,
      "5": 310.0
    }
  }
}