{
  "correlation_true": 0.6051458447246324,
  "correlation_pred": 0.600203400952493,
  "anova_f": 641.645324292763,
  "anova_p": 0.0,
  "accuracy_by_length": {
    "Очень короткие": 0.9393939393939394,
    "Короткие": 0.9177750906892382,
    "Средние": 0.8335388409371147,
    "Длинные": 0.8597785977859779
  },
  "error_rates": {
    "Очень короткие": 0.06060606060606061,
    "Короткие": 0.08222490931076179,
    "Средние": 0.16646115906288533,
    "Длинные": 0.14022140221402213
  },
  "grade_statistics": {
    